sku_id,sku_name,week_start,demand_units,data_label
SKU-1001,Alpha Widget A,2023-01-02,429,DEMO_SAMPLE
SKU-1001,Alpha Widget A,2023-01-09,398,DEMO_SAMPLE
SKU-1001,Alpha Widget A,2023-01-16,455,DEMO_SAMPLE
SKU-1001,Alpha Widget A,2023-01-23,467,DEMO_SAMPLE
SKU-1001,Alpha Widget A,2023-01-30,392,DEMO_SAMPLE
SKU-1001,Alpha Widget A,2023-02-06,417,DEMO_SAMPLE
SKU-1001,Alpha Widget A,2023-02-13,462,DEMO_SAMPLE
SKU-1001,Alpha Widget A,2023-02-20,455,DEMO_SAMPLE
SKU-1001,Alpha Widget A,2023-02-27,468,DEMO_SAMPLE
SKU-1001,Alpha Widget A,2023-03-06,448,DEMO_SAMPLE
SKU-1001,Alpha Widget A,2023-03-13,500,DEMO_SAMPLE
SKU-1001,Alpha Widget A,2023-03-20,499,DEMO_SAMPLE
SKU-1001,Alpha Widget A,2023-03-27,481,DEMO_SAMPLE
SKU-1001,Alpha Widget A,2023-04-03,511,DEMO_SAMPLE
SKU-1001,Alpha Widget A,2023-04-10,493,DEMO_SAMPLE
SKU-1001,Alpha Widget A,2023-04-17,455,DEMO_SAMPLE
SKU-1001,Alpha Widget A,2023-04-24,487,DEMO_SAMPLE
SKU-1001,Alpha Widget A,2023-05-01,448,DEMO_SAMPLE
SKU-1001,Alpha Widget A,2023-05-08,496,DEMO_SAMPLE
SKU-1001,Alpha Widget A,2023-05-15,466,DEMO_SAMPLE
SKU-1001,Alpha Widget A,2023-05-22,458,DEMO_SAMPLE
SKU-1001,Alpha Widget A,2023-05-29,440,DEMO_SAMPLE
SKU-1001,Alpha Widget A,2023-06-05,487,DEMO_SAMPLE
SKU-1001,Alpha Widget A,2023-06-12,443,DEMO_SAMPLE
SKU-1001,Alpha Widget A,2023-06-19,430,DEMO_SAMPLE
SKU-1001,Alpha Widget A,2023-06-26,426,DEMO_SAMPLE
SKU-1001,Alpha Widget A,2023-07-03,444,DEMO_SAMPLE
SKU-1001,Alpha Widget A,2023-07-10,433,DEMO_SAMPLE
SKU-1001,Alpha Widget A,2023-07-17,428,DEMO_SAMPLE
SKU-1001,Alpha Widget A,2023-07-24,423,DEMO_SAMPLE
SKU-1001,Alpha Widget A,2023-07-31,465,DEMO_SAMPLE
SKU-1001,Alpha Widget A,2023-08-07,388,DEMO_SAMPLE
SKU-1001,Alpha Widget A,2023-08-14,380,DEMO_SAMPLE
SKU-1001,Alpha Widget A,2023-08-21,368,DEMO_SAMPLE
SKU-1001,Alpha Widget A,2023-08-28,404,DEMO_SAMPLE
SKU-1001,Alpha Widget A,2023-09-04,415,DEMO_SAMPLE
SKU-1001,Alpha Widget A,2023-09-11,378,DEMO_SAMPLE
SKU-1001,Alpha Widget A,2023-09-18,356,DEMO_SAMPLE
SKU-1001,Alpha Widget A,2023-09-25,356,DEMO_SAMPLE
SKU-1001,Alpha Widget A,2023-10-02,397,DEMO_SAMPLE
SKU-1001,Alpha Widget A,2023-10-09,400,DEMO_SAMPLE
SKU-1001,Alpha Widget A,2023-10-16,396,DEMO_SAMPLE
SKU-1001,Alpha Widget A,2023-10-23,365,DEMO_SAMPLE
SKU-1001,Alpha Widget A,2023-10-30,393,DEMO_SAMPLE
SKU-1001,Alpha Widget A,2023-11-06,393,DEMO_SAMPLE
SKU-1001,Alpha Widget A,2023-11-13,401,DEMO_SAMPLE
SKU-1001,Alpha Widget A,2023-11-20,424,DEMO_SAMPLE
SKU-1001,Alpha Widget A,2023-11-27,411,DEMO_SAMPLE
SKU-1001,Alpha Widget A,2023-12-04,430,DEMO_SAMPLE
SKU-1001,Alpha Widget A,2023-12-11,420,DEMO_SAMPLE
SKU-1001,Alpha Widget A,2023-12-18,432,DEMO_SAMPLE
SKU-1001,Alpha Widget A,2023-12-25,449,DEMO_SAMPLE
SKU-1001,Alpha Widget A,2024-01-01,397,DEMO_SAMPLE
SKU-1001,Alpha Widget A,2024-01-08,436,DEMO_SAMPLE
SKU-1001,Alpha Widget A,2024-01-15,439,DEMO_SAMPLE
SKU-1001,Alpha Widget A,2024-01-22,441,DEMO_SAMPLE
SKU-1001,Alpha Widget A,2024-01-29,457,DEMO_SAMPLE
SKU-1001,Alpha Widget A,2024-02-05,513,DEMO_SAMPLE
SKU-1001,Alpha Widget A,2024-02-12,453,DEMO_SAMPLE
SKU-1001,Alpha Widget A,2024-02-19,509,DEMO_SAMPLE
SKU-1001,Alpha Widget A,2024-02-26,439,DEMO_SAMPLE
SKU-1001,Alpha Widget A,2024-03-04,481,DEMO_SAMPLE
SKU-1001,Alpha Widget A,2024-03-11,498,DEMO_SAMPLE
SKU-1001,Alpha Widget A,2024-03-18,512,DEMO_SAMPLE
SKU-1001,Alpha Widget A,2024-03-25,517,DEMO_SAMPLE
SKU-1001,Alpha Widget A,2024-04-01,520,DEMO_SAMPLE
SKU-1001,Alpha Widget A,2024-04-08,488,DEMO_SAMPLE
SKU-1001,Alpha Widget A,2024-04-15,484,DEMO_SAMPLE
SKU-1001,Alpha Widget A,2024-04-22,519,DEMO_SAMPLE
SKU-1001,Alpha Widget A,2024-04-29,487,DEMO_SAMPLE
SKU-1001,Alpha Widget A,2024-05-06,454,DEMO_SAMPLE
SKU-1001,Alpha Widget A,2024-05-13,454,DEMO_SAMPLE
SKU-1001,Alpha Widget A,2024-05-20,456,DEMO_SAMPLE
SKU-1001,Alpha Widget A,2024-05-27,491,DEMO_SAMPLE
SKU-1001,Alpha Widget A,2024-06-03,475,DEMO_SAMPLE
SKU-1001,Alpha Widget A,2024-06-10,485,DEMO_SAMPLE
SKU-1001,Alpha Widget A,2024-06-17,448,DEMO_SAMPLE
SKU-1001,Alpha Widget A,2024-06-24,458,DEMO_SAMPLE
SKU-1001,Alpha Widget A,2024-07-01,465,DEMO_SAMPLE
SKU-1001,Alpha Widget A,2024-07-08,432,DEMO_SAMPLE
SKU-1001,Alpha Widget A,2024-07-15,448,DEMO_SAMPLE
SKU-1001,Alpha Widget A,2024-07-22,410,DEMO_SAMPLE
SKU-1001,Alpha Widget A,2024-07-29,413,DEMO_SAMPLE
SKU-1001,Alpha Widget A,2024-08-05,407,DEMO_SAMPLE
SKU-1001,Alpha Widget A,2024-08-12,379,DEMO_SAMPLE
SKU-1001,Alpha Widget A,2024-08-19,422,DEMO_SAMPLE
SKU-1001,Alpha Widget A,2024-08-26,392,DEMO_SAMPLE
SKU-1001,Alpha Widget A,2024-09-02,402,DEMO_SAMPLE
SKU-1001,Alpha Widget A,2024-09-09,413,DEMO_SAMPLE
SKU-1001,Alpha Widget A,2024-09-16,410,DEMO_SAMPLE
SKU-1001,Alpha Widget A,2024-09-23,416,DEMO_SAMPLE
SKU-1001,Alpha Widget A,2024-09-30,394,DEMO_SAMPLE
SKU-1001,Alpha Widget A,2024-10-07,386,DEMO_SAMPLE
SKU-1001,Alpha Widget A,2024-10-14,397,DEMO_SAMPLE
SKU-1001,Alpha Widget A,2024-10-21,354,DEMO_SAMPLE
SKU-1001,Alpha Widget A,2024-10-28,364,DEMO_SAMPLE
SKU-1001,Alpha Widget A,2024-11-04,371,DEMO_SAMPLE
SKU-1001,Alpha Widget A,2024-11-11,385,DEMO_SAMPLE
SKU-1001,Alpha Widget A,2024-11-18,429,DEMO_SAMPLE
SKU-1001,Alpha Widget A,2024-11-25,398,DEMO_SAMPLE
SKU-1001,Alpha Widget A,2024-12-02,419,DEMO_SAMPLE
SKU-1001,Alpha Widget A,2024-12-09,472,DEMO_SAMPLE
SKU-1001,Alpha Widget A,2024-12-16,433,DEMO_SAMPLE
SKU-1001,Alpha Widget A,2024-12-23,470,DEMO_SAMPLE
SKU-1002,Beta Component B,2023-01-02,163,DEMO_SAMPLE
SKU-1002,Beta Component B,2023-01-09,180,DEMO_SAMPLE
SKU-1002,Beta Component B,2023-01-16,170,DEMO_SAMPLE
SKU-1002,Beta Component B,2023-01-23,184,DEMO_SAMPLE
SKU-1002,Beta Component B,2023-01-30,209,DEMO_SAMPLE
SKU-1002,Beta Component B,2023-02-06,165,DEMO_SAMPLE
SKU-1002,Beta Component B,2023-02-13,207,DEMO_SAMPLE
SKU-1002,Beta Component B,2023-02-20,206,DEMO_SAMPLE
SKU-1002,Beta Component B,2023-02-27,193,DEMO_SAMPLE
SKU-1002,Beta Component B,2023-03-06,179,DEMO_SAMPLE
SKU-1002,Beta Component B,2023-03-13,208,DEMO_SAMPLE
SKU-1002,Beta Component B,2023-03-20,198,DEMO_SAMPLE
SKU-1002,Beta Component B,2023-03-27,213,DEMO_SAMPLE
SKU-1002,Beta Component B,2023-04-03,209,DEMO_SAMPLE
SKU-1002,Beta Component B,2023-04-10,237,DEMO_SAMPLE
SKU-1002,Beta Component B,2023-04-17,203,DEMO_SAMPLE
SKU-1002,Beta Component B,2023-04-24,188,DEMO_SAMPLE
SKU-1002,Beta Component B,2023-05-01,208,DEMO_SAMPLE
SKU-1002,Beta Component B,2023-05-08,206,DEMO_SAMPLE
SKU-1002,Beta Component B,2023-05-15,225,DEMO_SAMPLE
SKU-1002,Beta Component B,2023-05-22,213,DEMO_SAMPLE
SKU-1002,Beta Component B,2023-05-29,201,DEMO_SAMPLE
SKU-1002,Beta Component B,2023-06-05,218,DEMO_SAMPLE
SKU-1002,Beta Component B,2023-06-12,166,DEMO_SAMPLE
SKU-1002,Beta Component B,2023-06-19,173,DEMO_SAMPLE
SKU-1002,Beta Component B,2023-06-26,164,DEMO_SAMPLE
SKU-1002,Beta Component B,2023-07-03,170,DEMO_SAMPLE
SKU-1002,Beta Component B,2023-07-10,148,DEMO_SAMPLE
SKU-1002,Beta Component B,2023-07-17,181,DEMO_SAMPLE
SKU-1002,Beta Component B,2023-07-24,162,DEMO_SAMPLE
SKU-1002,Beta Component B,2023-07-31,136,DEMO_SAMPLE
SKU-1002,Beta Component B,2023-08-07,141,DEMO_SAMPLE
SKU-1002,Beta Component B,2023-08-14,162,DEMO_SAMPLE
SKU-1002,Beta Component B,2023-08-21,169,DEMO_SAMPLE
SKU-1002,Beta Component B,2023-08-28,187,DEMO_SAMPLE
SKU-1002,Beta Component B,2023-09-04,202,DEMO_SAMPLE
SKU-1002,Beta Component B,2023-09-11,155,DEMO_SAMPLE
SKU-1002,Beta Component B,2023-09-18,129,DEMO_SAMPLE
SKU-1002,Beta Component B,2023-09-25,107,DEMO_SAMPLE
SKU-1002,Beta Component B,2023-10-02,150,DEMO_SAMPLE
SKU-1002,Beta Component B,2023-10-09,131,DEMO_SAMPLE
SKU-1002,Beta Component B,2023-10-16,138,DEMO_SAMPLE
SKU-1002,Beta Component B,2023-10-23,136,DEMO_SAMPLE
SKU-1002,Beta Component B,2023-10-30,146,DEMO_SAMPLE
SKU-1002,Beta Component B,2023-11-06,169,DEMO_SAMPLE
SKU-1002,Beta Component B,2023-11-13,155,DEMO_SAMPLE
SKU-1002,Beta Component B,2023-11-20,152,DEMO_SAMPLE
SKU-1002,Beta Component B,2023-11-27,139,DEMO_SAMPLE
SKU-1002,Beta Component B,2023-12-04,130,DEMO_SAMPLE
SKU-1002,Beta Component B,2023-12-11,155,DEMO_SAMPLE
SKU-1002,Beta Component B,2023-12-18,166,DEMO_SAMPLE
SKU-1002,Beta Component B,2023-12-25,202,DEMO_SAMPLE
SKU-1002,Beta Component B,2024-01-01,176,DEMO_SAMPLE
SKU-1002,Beta Component B,2024-01-08,195,DEMO_SAMPLE
SKU-1002,Beta Component B,2024-01-15,172,DEMO_SAMPLE
SKU-1002,Beta Component B,2024-01-22,163,DEMO_SAMPLE
SKU-1002,Beta Component B,2024-01-29,170,DEMO_SAMPLE
SKU-1002,Beta Component B,2024-02-05,177,DEMO_SAMPLE
SKU-1002,Beta Component B,2024-02-12,231,DEMO_SAMPLE
SKU-1002,Beta Component B,2024-02-19,181,DEMO_SAMPLE
SKU-1002,Beta Component B,2024-02-26,213,DEMO_SAMPLE
SKU-1002,Beta Component B,2024-03-04,183,DEMO_SAMPLE
SKU-1002,Beta Component B,2024-03-11,217,DEMO_SAMPLE
SKU-1002,Beta Component B,2024-03-18,208,DEMO_SAMPLE
SKU-1002,Beta Component B,2024-03-25,199,DEMO_SAMPLE
SKU-1002,Beta Component B,2024-04-01,201,DEMO_SAMPLE
SKU-1002,Beta Component B,2024-04-08,190,DEMO_SAMPLE
SKU-1002,Beta Component B,2024-04-15,209,DEMO_SAMPLE
SKU-1002,Beta Component B,2024-04-22,192,DEMO_SAMPLE
SKU-1002,Beta Component B,2024-04-29,176,DEMO_SAMPLE
SKU-1002,Beta Component B,2024-05-06,173,DEMO_SAMPLE
SKU-1002,Beta Component B,2024-05-13,197,DEMO_SAMPLE
SKU-1002,Beta Component B,2024-05-20,220,DEMO_SAMPLE
SKU-1002,Beta Component B,2024-05-27,191,DEMO_SAMPLE
SKU-1002,Beta Component B,2024-06-03,183,DEMO_SAMPLE
SKU-1002,Beta Component B,2024-06-10,187,DEMO_SAMPLE
SKU-1002,Beta Component B,2024-06-17,202,DEMO_SAMPLE
SKU-1002,Beta Component B,2024-06-24,178,DEMO_SAMPLE
SKU-1002,Beta Component B,2024-07-01,163,DEMO_SAMPLE
SKU-1002,Beta Component B,2024-07-08,187,DEMO_SAMPLE
SKU-1002,Beta Component B,2024-07-15,171,DEMO_SAMPLE
SKU-1002,Beta Component B,2024-07-22,187,DEMO_SAMPLE
SKU-1002,Beta Component B,2024-07-29,160,DEMO_SAMPLE
SKU-1002,Beta Component B,2024-08-05,131,DEMO_SAMPLE
SKU-1002,Beta Component B,2024-08-12,125,DEMO_SAMPLE
SKU-1002,Beta Component B,2024-08-19,177,DEMO_SAMPLE
SKU-1002,Beta Component B,2024-08-26,176,DEMO_SAMPLE
SKU-1002,Beta Component B,2024-09-02,140,DEMO_SAMPLE
SKU-1002,Beta Component B,2024-09-09,134,DEMO_SAMPLE
SKU-1002,Beta Component B,2024-09-16,166,DEMO_SAMPLE
SKU-1002,Beta Component B,2024-09-23,119,DEMO_SAMPLE
SKU-1002,Beta Component B,2024-09-30,123,DEMO_SAMPLE
SKU-1002,Beta Component B,2024-10-07,151,DEMO_SAMPLE
SKU-1002,Beta Component B,2024-10-14,133,DEMO_SAMPLE
SKU-1002,Beta Component B,2024-10-21,141,DEMO_SAMPLE
SKU-1002,Beta Component B,2024-10-28,139,DEMO_SAMPLE
SKU-1002,Beta Component B,2024-11-04,150,DEMO_SAMPLE
SKU-1002,Beta Component B,2024-11-11,171,DEMO_SAMPLE
SKU-1002,Beta Component B,2024-11-18,150,DEMO_SAMPLE
SKU-1002,Beta Component B,2024-11-25,163,DEMO_SAMPLE
SKU-1002,Beta Component B,2024-12-02,117,DEMO_SAMPLE
SKU-1002,Beta Component B,2024-12-09,156,DEMO_SAMPLE
SKU-1002,Beta Component B,2024-12-16,145,DEMO_SAMPLE
SKU-1002,Beta Component B,2024-12-23,142,DEMO_SAMPLE
SKU-1003,Gamma Assembly C,2023-01-02,84,DEMO_SAMPLE
SKU-1003,Gamma Assembly C,2023-01-09,94,DEMO_SAMPLE
SKU-1003,Gamma Assembly C,2023-01-16,111,DEMO_SAMPLE
SKU-1003,Gamma Assembly C,2023-01-23,87,DEMO_SAMPLE
SKU-1003,Gamma Assembly C,2023-01-30,106,DEMO_SAMPLE
SKU-1003,Gamma Assembly C,2023-02-06,102,DEMO_SAMPLE
SKU-1003,Gamma Assembly C,2023-02-13,106,DEMO_SAMPLE
SKU-1003,Gamma Assembly C,2023-02-20,124,DEMO_SAMPLE
SKU-1003,Gamma Assembly C,2023-02-27,120,DEMO_SAMPLE
SKU-1003,Gamma Assembly C,2023-03-06,131,DEMO_SAMPLE
SKU-1003,Gamma Assembly C,2023-03-13,115,DEMO_SAMPLE
SKU-1003,Gamma Assembly C,2023-03-20,109,DEMO_SAMPLE
SKU-1003,Gamma Assembly C,2023-03-27,115,DEMO_SAMPLE
SKU-1003,Gamma Assembly C,2023-04-03,121,DEMO_SAMPLE
SKU-1003,Gamma Assembly C,2023-04-10,120,DEMO_SAMPLE
SKU-1003,Gamma Assembly C,2023-04-17,105,DEMO_SAMPLE
SKU-1003,Gamma Assembly C,2023-04-24,118,DEMO_SAMPLE
SKU-1003,Gamma Assembly C,2023-05-01,119,DEMO_SAMPLE
SKU-1003,Gamma Assembly C,2023-05-08,145,DEMO_SAMPLE
SKU-1003,Gamma Assembly C,2023-05-15,136,DEMO_SAMPLE
SKU-1003,Gamma Assembly C,2023-05-22,101,DEMO_SAMPLE
SKU-1003,Gamma Assembly C,2023-05-29,106,DEMO_SAMPLE
SKU-1003,Gamma Assembly C,2023-06-05,89,DEMO_SAMPLE
SKU-1003,Gamma Assembly C,2023-06-12,98,DEMO_SAMPLE
SKU-1003,Gamma Assembly C,2023-06-19,106,DEMO_SAMPLE
SKU-1003,Gamma Assembly C,2023-06-26,114,DEMO_SAMPLE
SKU-1003,Gamma Assembly C,2023-07-03,88,DEMO_SAMPLE
SKU-1003,Gamma Assembly C,2023-07-10,87,DEMO_SAMPLE
SKU-1003,Gamma Assembly C,2023-07-17,66,DEMO_SAMPLE
SKU-1003,Gamma Assembly C,2023-07-24,88,DEMO_SAMPLE
SKU-1003,Gamma Assembly C,2023-07-31,74,DEMO_SAMPLE
SKU-1003,Gamma Assembly C,2023-08-07,79,DEMO_SAMPLE
SKU-1003,Gamma Assembly C,2023-08-14,72,DEMO_SAMPLE
SKU-1003,Gamma Assembly C,2023-08-21,80,DEMO_SAMPLE
SKU-1003,Gamma Assembly C,2023-08-28,59,DEMO_SAMPLE
SKU-1003,Gamma Assembly C,2023-09-04,61,DEMO_SAMPLE
SKU-1003,Gamma Assembly C,2023-09-11,103,DEMO_SAMPLE
SKU-1003,Gamma Assembly C,2023-09-18,61,DEMO_SAMPLE
SKU-1003,Gamma Assembly C,2023-09-25,63,DEMO_SAMPLE
SKU-1003,Gamma Assembly C,2023-10-02,98,DEMO_SAMPLE
SKU-1003,Gamma Assembly C,2023-10-09,111,DEMO_SAMPLE
SKU-1003,Gamma Assembly C,2023-10-16,63,DEMO_SAMPLE
SKU-1003,Gamma Assembly C,2023-10-23,73,DEMO_SAMPLE
SKU-1003,Gamma Assembly C,2023-10-30,83,DEMO_SAMPLE
SKU-1003,Gamma Assembly C,2023-11-06,101,DEMO_SAMPLE
SKU-1003,Gamma Assembly C,2023-11-13,70,DEMO_SAMPLE
SKU-1003,Gamma Assembly C,2023-11-20,81,DEMO_SAMPLE
SKU-1003,Gamma Assembly C,2023-11-27,96,DEMO_SAMPLE
SKU-1003,Gamma Assembly C,2023-12-04,94,DEMO_SAMPLE
SKU-1003,Gamma Assembly C,2023-12-11,87,DEMO_SAMPLE
SKU-1003,Gamma Assembly C,2023-12-18,92,DEMO_SAMPLE
SKU-1003,Gamma Assembly C,2023-12-25,80,DEMO_SAMPLE
SKU-1003,Gamma Assembly C,2024-01-01,96,DEMO_SAMPLE
SKU-1003,Gamma Assembly C,2024-01-08,99,DEMO_SAMPLE
SKU-1003,Gamma Assembly C,2024-01-15,107,DEMO_SAMPLE
SKU-1003,Gamma Assembly C,2024-01-22,101,DEMO_SAMPLE
SKU-1003,Gamma Assembly C,2024-01-29,115,DEMO_SAMPLE
SKU-1003,Gamma Assembly C,2024-02-05,124,DEMO_SAMPLE
SKU-1003,Gamma Assembly C,2024-02-12,116,DEMO_SAMPLE
SKU-1003,Gamma Assembly C,2024-02-19,120,DEMO_SAMPLE
SKU-1003,Gamma Assembly C,2024-02-26,119,DEMO_SAMPLE
SKU-1003,Gamma Assembly C,2024-03-04,119,DEMO_SAMPLE
SKU-1003,Gamma Assembly C,2024-03-11,112,DEMO_SAMPLE
SKU-1003,Gamma Assembly C,2024-03-18,125,DEMO_SAMPLE
SKU-1003,Gamma Assembly C,2024-03-25,121,DEMO_SAMPLE
SKU-1003,Gamma Assembly C,2024-04-01,147,DEMO_SAMPLE
SKU-1003,Gamma Assembly C,2024-04-08,141,DEMO_SAMPLE
SKU-1003,Gamma Assembly C,2024-04-15,126,DEMO_SAMPLE
SKU-1003,Gamma Assembly C,2024-04-22,112,DEMO_SAMPLE
SKU-1003,Gamma Assembly C,2024-04-29,107,DEMO_SAMPLE
SKU-1003,Gamma Assembly C,2024-05-06,133,DEMO_SAMPLE
SKU-1003,Gamma Assembly C,2024-05-13,120,DEMO_SAMPLE
SKU-1003,Gamma Assembly C,2024-05-20,121,DEMO_SAMPLE
SKU-1003,Gamma Assembly C,2024-05-27,92,DEMO_SAMPLE
SKU-1003,Gamma Assembly C,2024-06-03,122,DEMO_SAMPLE
SKU-1003,Gamma Assembly C,2024-06-10,114,DEMO_SAMPLE
SKU-1003,Gamma Assembly C,2024-06-17,93,DEMO_SAMPLE
SKU-1003,Gamma Assembly C,2024-06-24,98,DEMO_SAMPLE
SKU-1003,Gamma Assembly C,2024-07-01,104,DEMO_SAMPLE
SKU-1003,Gamma Assembly C,2024-07-08,99,DEMO_SAMPLE
SKU-1003,Gamma Assembly C,2024-07-15,93,DEMO_SAMPLE
SKU-1003,Gamma Assembly C,2024-07-22,92,DEMO_SAMPLE
SKU-1003,Gamma Assembly C,2024-07-29,88,DEMO_SAMPLE
SKU-1003,Gamma Assembly C,2024-08-05,91,DEMO_SAMPLE
SKU-1003,Gamma Assembly C,2024-08-12,105,DEMO_SAMPLE
SKU-1003,Gamma Assembly C,2024-08-19,55,DEMO_SAMPLE
SKU-1003,Gamma Assembly C,2024-08-26,81,DEMO_SAMPLE
SKU-1003,Gamma Assembly C,2024-09-02,85,DEMO_SAMPLE
SKU-1003,Gamma Assembly C,2024-09-09,85,DEMO_SAMPLE
SKU-1003,Gamma Assembly C,2024-09-16,76,DEMO_SAMPLE
SKU-1003,Gamma Assembly C,2024-09-23,59,DEMO_SAMPLE
SKU-1003,Gamma Assembly C,2024-09-30,84,DEMO_SAMPLE
SKU-1003,Gamma Assembly C,2024-10-07,101,DEMO_SAMPLE
SKU-1003,Gamma Assembly C,2024-10-14,63,DEMO_SAMPLE
SKU-1003,Gamma Assembly C,2024-10-21,92,DEMO_SAMPLE
SKU-1003,Gamma Assembly C,2024-10-28,79,DEMO_SAMPLE
SKU-1003,Gamma Assembly C,2024-11-04,84,DEMO_SAMPLE
SKU-1003,Gamma Assembly C,2024-11-11,74,DEMO_SAMPLE
SKU-1003,Gamma Assembly C,2024-11-18,84,DEMO_SAMPLE
SKU-1003,Gamma Assembly C,2024-11-25,106,DEMO_SAMPLE
SKU-1003,Gamma Assembly C,2024-12-02,100,DEMO_SAMPLE
SKU-1003,Gamma Assembly C,2024-12-09,116,DEMO_SAMPLE
SKU-1003,Gamma Assembly C,2024-12-16,112,DEMO_SAMPLE
SKU-1003,Gamma Assembly C,2024-12-23,106,DEMO_SAMPLE
SKU-1004,Delta Spare D,2023-01-02,298,DEMO_SAMPLE
SKU-1004,Delta Spare D,2023-01-09,275,DEMO_SAMPLE
SKU-1004,Delta Spare D,2023-01-16,288,DEMO_SAMPLE
SKU-1004,Delta Spare D,2023-01-23,268,DEMO_SAMPLE
SKU-1004,Delta Spare D,2023-01-30,281,DEMO_SAMPLE
SKU-1004,Delta Spare D,2023-02-06,268,DEMO_SAMPLE
SKU-1004,Delta Spare D,2023-02-13,309,DEMO_SAMPLE
SKU-1004,Delta Spare D,2023-02-20,265,DEMO_SAMPLE
SKU-1004,Delta Spare D,2023-02-27,312,DEMO_SAMPLE
SKU-1004,Delta Spare D,2023-03-06,293,DEMO_SAMPLE
SKU-1004,Delta Spare D,2023-03-13,325,DEMO_SAMPLE
SKU-1004,Delta Spare D,2023-03-20,318,DEMO_SAMPLE
SKU-1004,Delta Spare D,2023-03-27,342,DEMO_SAMPLE
SKU-1004,Delta Spare D,2023-04-03,319,DEMO_SAMPLE
SKU-1004,Delta Spare D,2023-04-10,268,DEMO_SAMPLE
SKU-1004,Delta Spare D,2023-04-17,300,DEMO_SAMPLE
SKU-1004,Delta Spare D,2023-04-24,275,DEMO_SAMPLE
SKU-1004,Delta Spare D,2023-05-01,287,DEMO_SAMPLE
SKU-1004,Delta Spare D,2023-05-08,330,DEMO_SAMPLE
SKU-1004,Delta Spare D,2023-05-15,308,DEMO_SAMPLE
SKU-1004,Delta Spare D,2023-05-22,275,DEMO_SAMPLE
SKU-1004,Delta Spare D,2023-05-29,265,DEMO_SAMPLE
SKU-1004,Delta Spare D,2023-06-05,284,DEMO_SAMPLE
SKU-1004,Delta Spare D,2023-06-12,252,DEMO_SAMPLE
SKU-1004,Delta Spare D,2023-06-19,260,DEMO_SAMPLE
SKU-1004,Delta Spare D,2023-06-26,277,DEMO_SAMPLE
SKU-1004,Delta Spare D,2023-07-03,291,DEMO_SAMPLE
SKU-1004,Delta Spare D,2023-07-10,274,DEMO_SAMPLE
SKU-1004,Delta Spare D,2023-07-17,206,DEMO_SAMPLE
SKU-1004,Delta Spare D,2023-07-24,258,DEMO_SAMPLE
SKU-1004,Delta Spare D,2023-07-31,249,DEMO_SAMPLE
SKU-1004,Delta Spare D,2023-08-07,253,DEMO_SAMPLE
SKU-1004,Delta Spare D,2023-08-14,275,DEMO_SAMPLE
SKU-1004,Delta Spare D,2023-08-21,191,DEMO_SAMPLE
SKU-1004,Delta Spare D,2023-08-28,221,DEMO_SAMPLE
SKU-1004,Delta Spare D,2023-09-04,245,DEMO_SAMPLE
SKU-1004,Delta Spare D,2023-09-11,195,DEMO_SAMPLE
SKU-1004,Delta Spare D,2023-09-18,261,DEMO_SAMPLE
SKU-1004,Delta Spare D,2023-09-25,236,DEMO_SAMPLE
SKU-1004,Delta Spare D,2023-10-02,246,DEMO_SAMPLE
SKU-1004,Delta Spare D,2023-10-09,216,DEMO_SAMPLE
SKU-1004,Delta Spare D,2023-10-16,247,DEMO_SAMPLE
SKU-1004,Delta Spare D,2023-10-23,255,DEMO_SAMPLE
SKU-1004,Delta Spare D,2023-10-30,238,DEMO_SAMPLE
SKU-1004,Delta Spare D,2023-11-06,241,DEMO_SAMPLE
SKU-1004,Delta Spare D,2023-11-13,245,DEMO_SAMPLE
SKU-1004,Delta Spare D,2023-11-20,224,DEMO_SAMPLE
SKU-1004,Delta Spare D,2023-11-27,243,DEMO_SAMPLE
SKU-1004,Delta Spare D,2023-12-04,248,DEMO_SAMPLE
SKU-1004,Delta Spare D,2023-12-11,264,DEMO_SAMPLE
SKU-1004,Delta Spare D,2023-12-18,282,DEMO_SAMPLE
SKU-1004,Delta Spare D,2023-12-25,242,DEMO_SAMPLE
SKU-1004,Delta Spare D,2024-01-01,268,DEMO_SAMPLE
SKU-1004,Delta Spare D,2024-01-08,308,DEMO_SAMPLE
SKU-1004,Delta Spare D,2024-01-15,264,DEMO_SAMPLE
SKU-1004,Delta Spare D,2024-01-22,267,DEMO_SAMPLE
SKU-1004,Delta Spare D,2024-01-29,294,DEMO_SAMPLE
SKU-1004,Delta Spare D,2024-02-05,313,DEMO_SAMPLE
SKU-1004,Delta Spare D,2024-02-12,298,DEMO_SAMPLE
SKU-1004,Delta Spare D,2024-02-19,331,DEMO_SAMPLE
SKU-1004,Delta Spare D,2024-02-26,324,DEMO_SAMPLE
SKU-1004,Delta Spare D,2024-03-04,326,DEMO_SAMPLE
SKU-1004,Delta Spare D,2024-03-11,322,DEMO_SAMPLE
SKU-1004,Delta Spare D,2024-03-18,363,DEMO_SAMPLE
SKU-1004,Delta Spare D,2024-03-25,308,DEMO_SAMPLE
SKU-1004,Delta Spare D,2024-04-01,269,DEMO_SAMPLE
SKU-1004,Delta Spare D,2024-04-08,348,DEMO_SAMPLE
SKU-1004,Delta Spare D,2024-04-15,302,DEMO_SAMPLE
SKU-1004,Delta Spare D,2024-04-22,313,DEMO_SAMPLE
SKU-1004,Delta Spare D,2024-04-29,338,DEMO_SAMPLE
SKU-1004,Delta Spare D,2024-05-06,272,DEMO_SAMPLE
SKU-1004,Delta Spare D,2024-05-13,277,DEMO_SAMPLE
SKU-1004,Delta Spare D,2024-05-20,266,DEMO_SAMPLE
SKU-1004,Delta Spare D,2024-05-27,280,DEMO_SAMPLE
SKU-1004,Delta Spare D,2024-06-03,303,DEMO_SAMPLE
SKU-1004,Delta Spare D,2024-06-10,301,DEMO_SAMPLE
SKU-1004,Delta Spare D,2024-06-17,291,DEMO_SAMPLE
SKU-1004,Delta Spare D,2024-06-24,249,DEMO_SAMPLE
SKU-1004,Delta Spare D,2024-07-01,225,DEMO_SAMPLE
SKU-1004,Delta Spare D,2024-07-08,272,DEMO_SAMPLE
SKU-1004,Delta Spare D,2024-07-15,256,DEMO_SAMPLE
SKU-1004,Delta Spare D,2024-07-22,272,DEMO_SAMPLE
SKU-1004,Delta Spare D,2024-07-29,273,DEMO_SAMPLE
SKU-1004,Delta Spare D,2024-08-05,257,DEMO_SAMPLE
SKU-1004,Delta Spare D,2024-08-12,267,DEMO_SAMPLE
SKU-1004,Delta Spare D,2024-08-19,252,DEMO_SAMPLE
SKU-1004,Delta Spare D,2024-08-26,256,DEMO_SAMPLE
SKU-1004,Delta Spare D,2024-09-02,226,DEMO_SAMPLE
SKU-1004,Delta Spare D,2024-09-09,236,DEMO_SAMPLE
SKU-1004,Delta Spare D,2024-09-16,243,DEMO_SAMPLE
SKU-1004,Delta Spare D,2024-09-23,256,DEMO_SAMPLE
SKU-1004,Delta Spare D,2024-09-30,230,DEMO_SAMPLE
SKU-1004,Delta Spare D,2024-10-07,250,DEMO_SAMPLE
SKU-1004,Delta Spare D,2024-10-14,234,DEMO_SAMPLE
SKU-1004,Delta Spare D,2024-10-21,239,DEMO_SAMPLE
SKU-1004,Delta Spare D,2024-10-28,262,DEMO_SAMPLE
SKU-1004,Delta Spare D,2024-11-04,202,DEMO_SAMPLE
SKU-1004,Delta Spare D,2024-11-11,221,DEMO_SAMPLE
SKU-1004,Delta Spare D,2024-11-18,220,DEMO_SAMPLE
SKU-1004,Delta Spare D,2024-11-25,206,DEMO_SAMPLE
SKU-1004,Delta Spare D,2024-12-02,246,DEMO_SAMPLE
SKU-1004,Delta Spare D,2024-12-09,283,DEMO_SAMPLE
SKU-1004,Delta Spare D,2024-12-16,265,DEMO_SAMPLE
SKU-1004,Delta Spare D,2024-12-23,280,DEMO_SAMPLE
SKU-1005,Epsilon Kit E,2023-01-02,64,DEMO_SAMPLE
SKU-1005,Epsilon Kit E,2023-01-09,67,DEMO_SAMPLE
SKU-1005,Epsilon Kit E,2023-01-16,58,DEMO_SAMPLE
SKU-1005,Epsilon Kit E,2023-01-23,71,DEMO_SAMPLE
SKU-1005,Epsilon Kit E,2023-01-30,63,DEMO_SAMPLE
SKU-1005,Epsilon Kit E,2023-02-06,57,DEMO_SAMPLE
SKU-1005,Epsilon Kit E,2023-02-13,60,DEMO_SAMPLE
SKU-1005,Epsilon Kit E,2023-02-20,55,DEMO_SAMPLE
SKU-1005,Epsilon Kit E,2023-02-27,61,DEMO_SAMPLE
SKU-1005,Epsilon Kit E,2023-03-06,66,DEMO_SAMPLE
SKU-1005,Epsilon Kit E,2023-03-13,76,DEMO_SAMPLE
SKU-1005,Epsilon Kit E,2023-03-20,84,DEMO_SAMPLE
SKU-1005,Epsilon Kit E,2023-03-27,59,DEMO_SAMPLE
SKU-1005,Epsilon Kit E,2023-04-03,74,DEMO_SAMPLE
SKU-1005,Epsilon Kit E,2023-04-10,62,DEMO_SAMPLE
SKU-1005,Epsilon Kit E,2023-04-17,74,DEMO_SAMPLE
SKU-1005,Epsilon Kit E,2023-04-24,69,DEMO_SAMPLE
SKU-1005,Epsilon Kit E,2023-05-01,54,DEMO_SAMPLE
SKU-1005,Epsilon Kit E,2023-05-08,76,DEMO_SAMPLE
SKU-1005,Epsilon Kit E,2023-05-15,62,DEMO_SAMPLE
SKU-1005,Epsilon Kit E,2023-05-22,62,DEMO_SAMPLE
SKU-1005,Epsilon Kit E,2023-05-29,56,DEMO_SAMPLE
SKU-1005,Epsilon Kit E,2023-06-05,58,DEMO_SAMPLE
SKU-1005,Epsilon Kit E,2023-06-12,65,DEMO_SAMPLE
SKU-1005,Epsilon Kit E,2023-06-19,58,DEMO_SAMPLE
SKU-1005,Epsilon Kit E,2023-06-26,61,DEMO_SAMPLE
SKU-1005,Epsilon Kit E,2023-07-03,59,DEMO_SAMPLE
SKU-1005,Epsilon Kit E,2023-07-10,65,DEMO_SAMPLE
SKU-1005,Epsilon Kit E,2023-07-17,50,DEMO_SAMPLE
SKU-1005,Epsilon Kit E,2023-07-24,39,DEMO_SAMPLE
SKU-1005,Epsilon Kit E,2023-07-31,58,DEMO_SAMPLE
SKU-1005,Epsilon Kit E,2023-08-07,45,DEMO_SAMPLE
SKU-1005,Epsilon Kit E,2023-08-14,56,DEMO_SAMPLE
SKU-1005,Epsilon Kit E,2023-08-21,48,DEMO_SAMPLE
SKU-1005,Epsilon Kit E,2023-08-28,43,DEMO_SAMPLE
SKU-1005,Epsilon Kit E,2023-09-04,46,DEMO_SAMPLE
SKU-1005,Epsilon Kit E,2023-09-11,58,DEMO_SAMPLE
SKU-1005,Epsilon Kit E,2023-09-18,59,DEMO_SAMPLE
SKU-1005,Epsilon Kit E,2023-09-25,43,DEMO_SAMPLE
SKU-1005,Epsilon Kit E,2023-10-02,43,DEMO_SAMPLE
SKU-1005,Epsilon Kit E,2023-10-09,51,DEMO_SAMPLE
SKU-1005,Epsilon Kit E,2023-10-16,36,DEMO_SAMPLE
SKU-1005,Epsilon Kit E,2023-10-23,46,DEMO_SAMPLE
SKU-1005,Epsilon Kit E,2023-10-30,44,DEMO_SAMPLE
SKU-1005,Epsilon Kit E,2023-11-06,47,DEMO_SAMPLE
SKU-1005,Epsilon Kit E,2023-11-13,39,DEMO_SAMPLE
SKU-1005,Epsilon Kit E,2023-11-20,35,DEMO_SAMPLE
SKU-1005,Epsilon Kit E,2023-11-27,32,DEMO_SAMPLE
SKU-1005,Epsilon Kit E,2023-12-04,41,DEMO_SAMPLE
SKU-1005,Epsilon Kit E,2023-12-11,48,DEMO_SAMPLE
SKU-1005,Epsilon Kit E,2023-12-18,52,DEMO_SAMPLE
SKU-1005,Epsilon Kit E,2023-12-25,71,DEMO_SAMPLE
SKU-1005,Epsilon Kit E,2024-01-01,66,DEMO_SAMPLE
SKU-1005,Epsilon Kit E,2024-01-08,52,DEMO_SAMPLE
SKU-1005,Epsilon Kit E,2024-01-15,64,DEMO_SAMPLE
SKU-1005,Epsilon Kit E,2024-01-22,60,DEMO_SAMPLE
SKU-1005,Epsilon Kit E,2024-01-29,62,DEMO_SAMPLE
SKU-1005,Epsilon Kit E,2024-02-05,68,DEMO_SAMPLE
SKU-1005,Epsilon Kit E,2024-02-12,73,DEMO_SAMPLE
SKU-1005,Epsilon Kit E,2024-02-19,66,DEMO_SAMPLE
SKU-1005,Epsilon Kit E,2024-02-26,79,DEMO_SAMPLE
SKU-1005,Epsilon Kit E,2024-03-04,62,DEMO_SAMPLE
SKU-1005,Epsilon Kit E,2024-03-11,72,DEMO_SAMPLE
SKU-1005,Epsilon Kit E,2024-03-18,93,DEMO_SAMPLE
SKU-1005,Epsilon Kit E,2024-03-25,75,DEMO_SAMPLE
SKU-1005,Epsilon Kit E,2024-04-01,85,DEMO_SAMPLE
SKU-1005,Epsilon Kit E,2024-04-08,74,DEMO_SAMPLE
SKU-1005,Epsilon Kit E,2024-04-15,78,DEMO_SAMPLE
SKU-1005,Epsilon Kit E,2024-04-22,72,DEMO_SAMPLE
SKU-1005,Epsilon Kit E,2024-04-29,70,DEMO_SAMPLE
SKU-1005,Epsilon Kit E,2024-05-06,65,DEMO_SAMPLE
SKU-1005,Epsilon Kit E,2024-05-13,73,DEMO_SAMPLE
SKU-1005,Epsilon Kit E,2024-05-20,62,DEMO_SAMPLE
SKU-1005,Epsilon Kit E,2024-05-27,72,DEMO_SAMPLE
SKU-1005,Epsilon Kit E,2024-06-03,74,DEMO_SAMPLE
SKU-1005,Epsilon Kit E,2024-06-10,67,DEMO_SAMPLE
SKU-1005,Epsilon Kit E,2024-06-17,60,DEMO_SAMPLE
SKU-1005,Epsilon Kit E,2024-06-24,64,DEMO_SAMPLE
SKU-1005,Epsilon Kit E,2024-07-01,56,DEMO_SAMPLE
SKU-1005,Epsilon Kit E,2024-07-08,65,DEMO_SAMPLE
SKU-1005,Epsilon Kit E,2024-07-15,41,DEMO_SAMPLE
SKU-1005,Epsilon Kit E,2024-07-22,51,DEMO_SAMPLE
SKU-1005,Epsilon Kit E,2024-07-29,36,DEMO_SAMPLE
SKU-1005,Epsilon Kit E,2024-08-05,39,DEMO_SAMPLE
SKU-1005,Epsilon Kit E,2024-08-12,60,DEMO_SAMPLE
SKU-1005,Epsilon Kit E,2024-08-19,55,DEMO_SAMPLE
SKU-1005,Epsilon Kit E,2024-08-26,41,DEMO_SAMPLE
SKU-1005,Epsilon Kit E,2024-09-02,34,DEMO_SAMPLE
SKU-1005,Epsilon Kit E,2024-09-09,22,DEMO_SAMPLE
SKU-1005,Epsilon Kit E,2024-09-16,41,DEMO_SAMPLE
SKU-1005,Epsilon Kit E,2024-09-23,64,DEMO_SAMPLE
SKU-1005,Epsilon Kit E,2024-09-30,48,DEMO_SAMPLE
SKU-1005,Epsilon Kit E,2024-10-07,40,DEMO_SAMPLE
SKU-1005,Epsilon Kit E,2024-10-14,49,DEMO_SAMPLE
SKU-1005,Epsilon Kit E,2024-10-21,33,DEMO_SAMPLE
SKU-1005,Epsilon Kit E,2024-10-28,44,DEMO_SAMPLE
SKU-1005,Epsilon Kit E,2024-11-04,48,DEMO_SAMPLE
SKU-1005,Epsilon Kit E,2024-11-11,48,DEMO_SAMPLE
SKU-1005,Epsilon Kit E,2024-11-18,56,DEMO_SAMPLE
SKU-1005,Epsilon Kit E,2024-11-25,54,DEMO_SAMPLE
SKU-1005,Epsilon Kit E,2024-12-02,58,DEMO_SAMPLE
SKU-1005,Epsilon Kit E,2024-12-09,49,DEMO_SAMPLE
SKU-1005,Epsilon Kit E,2024-12-16,64,DEMO_SAMPLE
SKU-1005,Epsilon Kit E,2024-12-23,71,DEMO_SAMPLE
